SET AUTO ON;
SET SQL DIALECT 3;
SET NAMES WIN1251;
CONNECT 'D:\\DATABASE\\ipplan_ud.fdb' user 'SYSDBA' password 'masterkey';


INSERT INTO PUSER (PUSER_ID, OWNER_PUSER_ID, PUSER_LOGIN, PUSER_EMAIL, PUSER_TAXTYPE, PUSER_GOOGLE_TOKEN, PUSER_GOOGLE_REFRESH_TOKEN, PUSER_GOOGLE_EXPIRES_IN, PUSER_GOOGLE_GRANTED, PUSER_CONTACT_LASTSYNC, PUSER_CALENDAR_LASTSYNC, PUSER_CONTACT_SYNC_DURATION, PUSER_CALENDAR_SYNC_DURATION, PUSER_GOOGLECALENDAR_ID)
           VALUES (-1, NULL, 'ipplan2013', 'ipplan2013@gmail.com', 2, NULL, NULL, 0, NULL, NULL, NULL, 0, 0, NULL);
INSERT INTO PUSER (PUSER_ID, OWNER_PUSER_ID, PUSER_LOGIN, PUSER_EMAIL, PUSER_TAXTYPE, PUSER_GOOGLE_TOKEN, PUSER_GOOGLE_REFRESH_TOKEN, PUSER_GOOGLE_EXPIRES_IN, PUSER_GOOGLE_GRANTED, PUSER_CONTACT_LASTSYNC, PUSER_CALENDAR_LASTSYNC, PUSER_CONTACT_SYNC_DURATION, PUSER_CALENDAR_SYNC_DURATION, PUSER_GOOGLECALENDAR_ID)
           VALUES (-2, -1, 'Норинский Альберт', 'ipp@rbc.vrt.hbo.com', 1, NULL, NULL, 0, NULL, NULL, NULL, 0, 0, NULL);


INSERT INTO CUSTOMER (CUSTOMER_ID, CUSTOMER_NAME, CUSTOMER_LOOKUP_KEY, CUSTOMER_PRIMARY_EMAIL, CUSTOMER_EMAILS, CUSTOMER_PRIMARY_PHONE, CUSTOMER_PHONES, CUSTOMER_COMPANY, CUSTOMER_POSITION, CUSTOMER_BIRTHDAY, CUSTOMER_PHOTO, CUSTOMER_LASTUPDATE, CUSTOMER_VISIBLE)
              VALUES (100, 'Кутасов Илья Юрьевич', NULL, 'kutasov@mail.ru', NULL, NULL, NULL, NULL, NULL, '1956-12-10 00:00:00', NULL, NULL, 1);
INSERT INTO CUSTOMER (CUSTOMER_ID, CUSTOMER_NAME, CUSTOMER_LOOKUP_KEY, CUSTOMER_PRIMARY_EMAIL, CUSTOMER_EMAILS, CUSTOMER_PRIMARY_PHONE, CUSTOMER_PHONES, CUSTOMER_COMPANY, CUSTOMER_POSITION, CUSTOMER_BIRTHDAY, CUSTOMER_PHOTO, CUSTOMER_LASTUPDATE, CUSTOMER_VISIBLE)
              VALUES (101, 'Малинина Светлана Петровна', NULL, 'mal@dd.ru.de', NULL, NULL, NULL, NULL, NULL, '1989-10-16 00:00:00', NULL, '2013-07-05 11:38:09', 1);
INSERT INTO CUSTOMER (CUSTOMER_ID, CUSTOMER_NAME, CUSTOMER_LOOKUP_KEY, CUSTOMER_PRIMARY_EMAIL, CUSTOMER_EMAILS, CUSTOMER_PRIMARY_PHONE, CUSTOMER_PHONES, CUSTOMER_COMPANY, CUSTOMER_POSITION, CUSTOMER_BIRTHDAY, CUSTOMER_PHOTO, CUSTOMER_LASTUPDATE, CUSTOMER_VISIBLE)
              VALUES (300, 'Поносов Иван Петрович', NULL, 'p.ul@epam.ru', NULL, '856-55-66', NULL, NULL, NULL, NULL, NULL, NULL, 1);
INSERT INTO CUSTOMER (CUSTOMER_ID, CUSTOMER_NAME, CUSTOMER_LOOKUP_KEY, CUSTOMER_PRIMARY_EMAIL, CUSTOMER_EMAILS, CUSTOMER_PRIMARY_PHONE, CUSTOMER_PHONES, CUSTOMER_COMPANY, CUSTOMER_POSITION, CUSTOMER_BIRTHDAY, CUSTOMER_PHOTO, CUSTOMER_LASTUPDATE, CUSTOMER_VISIBLE)
              VALUES (301, 'Кулебяков Сергей Иванович', NULL, '45666@gmail.com', NULL, NULL, NULL, NULL, NULL, NULL, NULL, NULL, 1);


INSERT INTO STATUS (STATUS_ID, PUSER_ID, STATUS_NAME, STATUS_DAYLIMIT)
            VALUES (1, -1, 'Первичный контакт', 0);
INSERT INTO STATUS (STATUS_ID, PUSER_ID, STATUS_NAME, STATUS_DAYLIMIT)
            VALUES (10, -1, 'Переговоры', 0);
INSERT INTO STATUS (STATUS_ID, PUSER_ID, STATUS_NAME, STATUS_DAYLIMIT)
            VALUES (20, -1, 'Принимают решение', 0);
INSERT INTO STATUS (STATUS_ID, PUSER_ID, STATUS_NAME, STATUS_DAYLIMIT)
            VALUES (30, -1, 'Согласование договора', 0);
INSERT INTO STATUS (STATUS_ID, PUSER_ID, STATUS_NAME, STATUS_DAYLIMIT)
            VALUES (40, -1, 'Исполнение', 10);
INSERT INTO STATUS (STATUS_ID, PUSER_ID, STATUS_NAME, STATUS_DAYLIMIT)
            VALUES (50, -1, 'Приостановлена', 0);
INSERT INTO STATUS (STATUS_ID, PUSER_ID, STATUS_NAME, STATUS_DAYLIMIT)
            VALUES (60, -1, 'Завершение', 5);
INSERT INTO STATUS (STATUS_ID, PUSER_ID, STATUS_NAME, STATUS_DAYLIMIT)
            VALUES (100, -1, 'Закрыта успешно', 0);
INSERT INTO STATUS (STATUS_ID, PUSER_ID, STATUS_NAME, STATUS_DAYLIMIT)
            VALUES (99, -1, 'Закрыта без результата', 0);

INSERT INTO BARGAIN (BARGAIN_ID, BARGAIN_NAME, PUSER_ID, ROOT_BARGAIN_ID, STATUS_ID, CUSTOMER_ID, CONTRACT_ID, BARGAIN_VER, BARGAIN_START, BARGAIN_FINISH, BARGAIN_REVENUE, BARGAIN_PREPAYMENT, BARGAIN_COSTS, BARGAIN_PAYMENT_COSTS, BARGAIN_FINE, BARGAIN_TAX, BARGAIN_HEAD, BARGAIN_CREATED, BARGAIN_VISIBLE, BARGAIN_NOTE)
             VALUES (1, 'Продажа дров', -1, 1, 1, 100, NULL, 0, '2013-07-05 00:00:00', '2013-07-12 00:00:00', 260000, NULL, NULL, NULL, NULL, 39000, 0, '2013-07-05 11:36:14', 1, NULL);
INSERT INTO BARGAIN (BARGAIN_ID, BARGAIN_NAME, PUSER_ID, ROOT_BARGAIN_ID, STATUS_ID, CUSTOMER_ID, CONTRACT_ID, BARGAIN_VER, BARGAIN_START, BARGAIN_FINISH, BARGAIN_REVENUE, BARGAIN_PREPAYMENT, BARGAIN_COSTS, BARGAIN_PAYMENT_COSTS, BARGAIN_FINE, BARGAIN_TAX, BARGAIN_HEAD, BARGAIN_CREATED, BARGAIN_VISIBLE, BARGAIN_NOTE)
             VALUES (3, 'Продажа душевой кабины', -1, 3, 1, 101, NULL, 0, '2013-07-06 00:00:00', '2013-07-20 00:00:00', 600000, NULL, NULL, NULL, NULL, 90000, 1, '2013-07-05 11:37:39', 1, NULL);
INSERT INTO BARGAIN (BARGAIN_ID, BARGAIN_NAME, PUSER_ID, ROOT_BARGAIN_ID, STATUS_ID, CUSTOMER_ID, CONTRACT_ID, BARGAIN_VER, BARGAIN_START, BARGAIN_FINISH, BARGAIN_REVENUE, BARGAIN_PREPAYMENT, BARGAIN_COSTS, BARGAIN_PAYMENT_COSTS, BARGAIN_FINE, BARGAIN_TAX, BARGAIN_HEAD, BARGAIN_CREATED, BARGAIN_VISIBLE, BARGAIN_NOTE)
             VALUES (5, 'Продажа АН45-8 с тентом', -2, 5, 1, 300, NULL, 0, '2013-07-05 00:00:00', '2013-07-19 00:00:00', 600000, NULL, NULL, NULL, NULL, 36000, 0, '2013-07-05 11:58:17', 1, NULL);
INSERT INTO BARGAIN (BARGAIN_ID, BARGAIN_NAME, PUSER_ID, ROOT_BARGAIN_ID, STATUS_ID, CUSTOMER_ID, CONTRACT_ID, BARGAIN_VER, BARGAIN_START, BARGAIN_FINISH, BARGAIN_REVENUE, BARGAIN_PREPAYMENT, BARGAIN_COSTS, BARGAIN_PAYMENT_COSTS, BARGAIN_FINE, BARGAIN_TAX, BARGAIN_HEAD, BARGAIN_CREATED, BARGAIN_VISIBLE, BARGAIN_NOTE)
             VALUES (16, 'Продажа инструмента', -2, 16, 1, 100, NULL, 0, '2013-07-07 00:00:00', '2013-07-14 00:00:00', 560000, NULL, NULL, NULL, NULL, 33600, 0, '2013-07-07 13:19:24', 1, NULL);
INSERT INTO BARGAIN (BARGAIN_ID, BARGAIN_NAME, PUSER_ID, ROOT_BARGAIN_ID, STATUS_ID, CUSTOMER_ID, CONTRACT_ID, BARGAIN_VER, BARGAIN_START, BARGAIN_FINISH, BARGAIN_REVENUE, BARGAIN_PREPAYMENT, BARGAIN_COSTS, BARGAIN_PAYMENT_COSTS, BARGAIN_FINE, BARGAIN_TAX, BARGAIN_HEAD, BARGAIN_CREATED, BARGAIN_VISIBLE, BARGAIN_NOTE)
             VALUES (7, 'Продажа АН45-8 с тентом', -2, 5, 1, 301, NULL, 1, '2013-07-05 00:00:00', '2013-07-19 00:00:00', 600000, NULL, NULL, NULL, NULL, 36000, 0, '2013-08-17 00:00:00', 1, 'Изменился закзачик');
INSERT INTO BARGAIN (BARGAIN_ID, BARGAIN_NAME, PUSER_ID, ROOT_BARGAIN_ID, STATUS_ID, CUSTOMER_ID, CONTRACT_ID, BARGAIN_VER, BARGAIN_START, BARGAIN_FINISH, BARGAIN_REVENUE, BARGAIN_PREPAYMENT, BARGAIN_COSTS, BARGAIN_PAYMENT_COSTS, BARGAIN_FINE, BARGAIN_TAX, BARGAIN_HEAD, BARGAIN_CREATED, BARGAIN_VISIBLE, BARGAIN_NOTE)
             VALUES (17, 'Продажа АН45-8 с тентом', -2, 5, 10, 301, NULL, 2, '2013-07-05 00:00:00', '2013-07-19 00:00:00', 600000, NULL, NULL, NULL, NULL, 36000, 0, '2013-07-07 13:22:05', 1, NULL);
INSERT INTO BARGAIN (BARGAIN_ID, BARGAIN_NAME, PUSER_ID, ROOT_BARGAIN_ID, STATUS_ID, CUSTOMER_ID, CONTRACT_ID, BARGAIN_VER, BARGAIN_START, BARGAIN_FINISH, BARGAIN_REVENUE, BARGAIN_PREPAYMENT, BARGAIN_COSTS, BARGAIN_PAYMENT_COSTS, BARGAIN_FINE, BARGAIN_TAX, BARGAIN_HEAD, BARGAIN_CREATED, BARGAIN_VISIBLE, BARGAIN_NOTE)
             VALUES (8, 'Продажа инструмента', -1, 1, 10, 100, NULL, 1, '2013-07-05 00:00:00', '2013-07-12 00:00:00', 260000, NULL, NULL, NULL, NULL, 39000, 1, '2013-07-05 13:51:24', 1, 'Проблема с доп.оборудованием. Найти у Лехи');
INSERT INTO BARGAIN (BARGAIN_ID, BARGAIN_NAME, PUSER_ID, ROOT_BARGAIN_ID, STATUS_ID, CUSTOMER_ID, CONTRACT_ID, BARGAIN_VER, BARGAIN_START, BARGAIN_FINISH, BARGAIN_REVENUE, BARGAIN_PREPAYMENT, BARGAIN_COSTS, BARGAIN_PAYMENT_COSTS, BARGAIN_FINE, BARGAIN_TAX, BARGAIN_HEAD, BARGAIN_CREATED, BARGAIN_VISIBLE, BARGAIN_NOTE)
             VALUES (9, 'Продажа инструмента', -1, 9, 1, 300, NULL, 0, '2013-07-13 00:00:00', '2013-07-26 00:00:00', 230000, NULL, NULL, NULL, NULL, 34500, 0, '2013-07-05 17:30:54', 1, NULL);
INSERT INTO BARGAIN (BARGAIN_ID, BARGAIN_NAME, PUSER_ID, ROOT_BARGAIN_ID, STATUS_ID, CUSTOMER_ID, CONTRACT_ID, BARGAIN_VER, BARGAIN_START, BARGAIN_FINISH, BARGAIN_REVENUE, BARGAIN_PREPAYMENT, BARGAIN_COSTS, BARGAIN_PAYMENT_COSTS, BARGAIN_FINE, BARGAIN_TAX, BARGAIN_HEAD, BARGAIN_CREATED, BARGAIN_VISIBLE, BARGAIN_NOTE)
             VALUES (10, 'Продажа инструмента', -1, 9, 10, 300, NULL, 1, '2013-07-13 00:00:00', '2013-07-26 00:00:00', 230000, NULL, NULL, NULL, NULL, 34500, 0, '2013-07-05 17:31:06', 1, NULL);
INSERT INTO BARGAIN (BARGAIN_ID, BARGAIN_NAME, PUSER_ID, ROOT_BARGAIN_ID, STATUS_ID, CUSTOMER_ID, CONTRACT_ID, BARGAIN_VER, BARGAIN_START, BARGAIN_FINISH, BARGAIN_REVENUE, BARGAIN_PREPAYMENT, BARGAIN_COSTS, BARGAIN_PAYMENT_COSTS, BARGAIN_FINE, BARGAIN_TAX, BARGAIN_HEAD, BARGAIN_CREATED, BARGAIN_VISIBLE, BARGAIN_NOTE)
             VALUES (14, 'Продажа инструмента', -1, 9, 50, 300, NULL, 5, '2013-07-13 00:00:00', '2013-07-26 00:00:00', 230000, NULL, NULL, NULL, NULL, 34500, 0, '2013-07-07 11:23:23', 1, NULL);
INSERT INTO BARGAIN (BARGAIN_ID, BARGAIN_NAME, PUSER_ID, ROOT_BARGAIN_ID, STATUS_ID, CUSTOMER_ID, CONTRACT_ID, BARGAIN_VER, BARGAIN_START, BARGAIN_FINISH, BARGAIN_REVENUE, BARGAIN_PREPAYMENT, BARGAIN_COSTS, BARGAIN_PAYMENT_COSTS, BARGAIN_FINE, BARGAIN_TAX, BARGAIN_HEAD, BARGAIN_CREATED, BARGAIN_VISIBLE, BARGAIN_NOTE)
             VALUES (11, 'Продажа инструмента', -1, 9, 20, 300, NULL, 2, '2013-07-13 00:00:00', '2013-07-26 00:00:00', 230000, NULL, NULL, NULL, NULL, 34500, 0, '2013-07-05 17:31:18', 1, NULL);
INSERT INTO BARGAIN (BARGAIN_ID, BARGAIN_NAME, PUSER_ID, ROOT_BARGAIN_ID, STATUS_ID, CUSTOMER_ID, CONTRACT_ID, BARGAIN_VER, BARGAIN_START, BARGAIN_FINISH, BARGAIN_REVENUE, BARGAIN_PREPAYMENT, BARGAIN_COSTS, BARGAIN_PAYMENT_COSTS, BARGAIN_FINE, BARGAIN_TAX, BARGAIN_HEAD, BARGAIN_CREATED, BARGAIN_VISIBLE, BARGAIN_NOTE)
             VALUES (15, 'Продажа инструмента', -1, 9, 40, 300, NULL, 6, '2013-07-13 00:00:00', '2013-07-26 00:00:00', 230000, NULL, NULL, NULL, NULL, 34500, 0, '2013-07-07 11:23:38', 1, NULL);
INSERT INTO BARGAIN (BARGAIN_ID, BARGAIN_NAME, PUSER_ID, ROOT_BARGAIN_ID, STATUS_ID, CUSTOMER_ID, CONTRACT_ID, BARGAIN_VER, BARGAIN_START, BARGAIN_FINISH, BARGAIN_REVENUE, BARGAIN_PREPAYMENT, BARGAIN_COSTS, BARGAIN_PAYMENT_COSTS, BARGAIN_FINE, BARGAIN_TAX, BARGAIN_HEAD, BARGAIN_CREATED, BARGAIN_VISIBLE, BARGAIN_NOTE)
             VALUES (18, 'Продажа АН45-8 с тентом', -2, 5, 20, 301, NULL, 3, '2013-07-05 00:00:00', '2013-07-19 00:00:00', 600000, NULL, NULL, NULL, NULL, 36000, 0, '2013-07-07 13:22:14', 1, NULL);
INSERT INTO BARGAIN (BARGAIN_ID, BARGAIN_NAME, PUSER_ID, ROOT_BARGAIN_ID, STATUS_ID, CUSTOMER_ID, CONTRACT_ID, BARGAIN_VER, BARGAIN_START, BARGAIN_FINISH, BARGAIN_REVENUE, BARGAIN_PREPAYMENT, BARGAIN_COSTS, BARGAIN_PAYMENT_COSTS, BARGAIN_FINE, BARGAIN_TAX, BARGAIN_HEAD, BARGAIN_CREATED, BARGAIN_VISIBLE, BARGAIN_NOTE)
             VALUES (12, 'Продажа инструмента', -1, 9, 30, 300, NULL, 3, '2013-07-13 00:00:00', '2013-07-26 00:00:00', 230000, NULL, NULL, NULL, NULL, 34500, 0, '2013-07-05 17:31:26', 1, NULL);
INSERT INTO BARGAIN (BARGAIN_ID, BARGAIN_NAME, PUSER_ID, ROOT_BARGAIN_ID, STATUS_ID, CUSTOMER_ID, CONTRACT_ID, BARGAIN_VER, BARGAIN_START, BARGAIN_FINISH, BARGAIN_REVENUE, BARGAIN_PREPAYMENT, BARGAIN_COSTS, BARGAIN_PAYMENT_COSTS, BARGAIN_FINE, BARGAIN_TAX, BARGAIN_HEAD, BARGAIN_CREATED, BARGAIN_VISIBLE, BARGAIN_NOTE)
             VALUES (19, 'Продажа инструмента', -2, 16, 1, 100, NULL, 1, '2013-07-07 00:00:00', '2013-07-14 00:00:00', 560000, NULL, 110000, 0, NULL, 33600, 0, '2013-07-07 15:00:43', 1, NULL);
INSERT INTO BARGAIN (BARGAIN_ID, BARGAIN_NAME, PUSER_ID, ROOT_BARGAIN_ID, STATUS_ID, CUSTOMER_ID, CONTRACT_ID, BARGAIN_VER, BARGAIN_START, BARGAIN_FINISH, BARGAIN_REVENUE, BARGAIN_PREPAYMENT, BARGAIN_COSTS, BARGAIN_PAYMENT_COSTS, BARGAIN_FINE, BARGAIN_TAX, BARGAIN_HEAD, BARGAIN_CREATED, BARGAIN_VISIBLE, BARGAIN_NOTE)
             VALUES (13, 'Продажа инструмента', -1, 9, 40, 300, NULL, 4, '2013-07-13 00:00:00', '2013-07-26 00:00:00', 230000, NULL, NULL, NULL, NULL, 34500, 0, '2013-07-05 17:31:34', 1, NULL);
INSERT INTO BARGAIN (BARGAIN_ID, BARGAIN_NAME, PUSER_ID, ROOT_BARGAIN_ID, STATUS_ID, CUSTOMER_ID, CONTRACT_ID, BARGAIN_VER, BARGAIN_START, BARGAIN_FINISH, BARGAIN_REVENUE, BARGAIN_PREPAYMENT, BARGAIN_COSTS, BARGAIN_PAYMENT_COSTS, BARGAIN_FINE, BARGAIN_TAX, BARGAIN_HEAD, BARGAIN_CREATED, BARGAIN_VISIBLE, BARGAIN_NOTE)
             VALUES (21, 'Продажа АН45-8 с тентом', -2, 5, 20, 301, NULL, 4, '2013-07-05 00:00:00', '2013-07-19 00:00:00', 600000, NULL, 360000, 0, NULL, 36000, 0, '2013-07-07 15:01:58', 1, NULL);
INSERT INTO BARGAIN (BARGAIN_ID, BARGAIN_NAME, PUSER_ID, ROOT_BARGAIN_ID, STATUS_ID, CUSTOMER_ID, CONTRACT_ID, BARGAIN_VER, BARGAIN_START, BARGAIN_FINISH, BARGAIN_REVENUE, BARGAIN_PREPAYMENT, BARGAIN_COSTS, BARGAIN_PAYMENT_COSTS, BARGAIN_FINE, BARGAIN_TAX, BARGAIN_HEAD, BARGAIN_CREATED, BARGAIN_VISIBLE, BARGAIN_NOTE)
             VALUES (22, 'Продажа АН45-8 с тентом', -2, 5, 30, 301, NULL, 5, '2013-07-05 00:00:00', '2013-07-19 00:00:00', 600000, NULL, 360000, 0, NULL, 36000, 0, '2013-07-07 15:02:18', 1, NULL);
INSERT INTO BARGAIN (BARGAIN_ID, BARGAIN_NAME, PUSER_ID, ROOT_BARGAIN_ID, STATUS_ID, CUSTOMER_ID, CONTRACT_ID, BARGAIN_VER, BARGAIN_START, BARGAIN_FINISH, BARGAIN_REVENUE, BARGAIN_PREPAYMENT, BARGAIN_COSTS, BARGAIN_PAYMENT_COSTS, BARGAIN_FINE, BARGAIN_TAX, BARGAIN_HEAD, BARGAIN_CREATED, BARGAIN_VISIBLE, BARGAIN_NOTE)
             VALUES (23, 'Продажа АН45-8 с тентом', -2, 5, 40, 301, NULL, 6, '2013-07-05 00:00:00', '2013-07-19 00:00:00', 600000, NULL, 360000, 0, NULL, 36000, 1, '2013-07-07 15:02:24', 1, NULL);
INSERT INTO BARGAIN (BARGAIN_ID, BARGAIN_NAME, PUSER_ID, ROOT_BARGAIN_ID, STATUS_ID, CUSTOMER_ID, CONTRACT_ID, BARGAIN_VER, BARGAIN_START, BARGAIN_FINISH, BARGAIN_REVENUE, BARGAIN_PREPAYMENT, BARGAIN_COSTS, BARGAIN_PAYMENT_COSTS, BARGAIN_FINE, BARGAIN_TAX, BARGAIN_HEAD, BARGAIN_CREATED, BARGAIN_VISIBLE, BARGAIN_NOTE)
             VALUES (24, 'Продажа инструмента', -2, 16, 10, 100, NULL, 2, '2013-07-07 00:00:00', '2013-07-14 00:00:00', 560000, NULL, 110000, 0, NULL, 33600, 0, '2013-07-07 15:02:49', 1, NULL);
INSERT INTO BARGAIN (BARGAIN_ID, BARGAIN_NAME, PUSER_ID, ROOT_BARGAIN_ID, STATUS_ID, CUSTOMER_ID, CONTRACT_ID, BARGAIN_VER, BARGAIN_START, BARGAIN_FINISH, BARGAIN_REVENUE, BARGAIN_PREPAYMENT, BARGAIN_COSTS, BARGAIN_PAYMENT_COSTS, BARGAIN_FINE, BARGAIN_TAX, BARGAIN_HEAD, BARGAIN_CREATED, BARGAIN_VISIBLE, BARGAIN_NOTE)
             VALUES (25, 'Продажа инструмента', -2, 16, 20, 100, NULL, 3, '2013-07-07 00:00:00', '2013-07-14 00:00:00', 560000, NULL, 110000, 0, NULL, 33600, 0, '2013-07-07 15:02:55', 1, NULL);
INSERT INTO BARGAIN (BARGAIN_ID, BARGAIN_NAME, PUSER_ID, ROOT_BARGAIN_ID, STATUS_ID, CUSTOMER_ID, CONTRACT_ID, BARGAIN_VER, BARGAIN_START, BARGAIN_FINISH, BARGAIN_REVENUE, BARGAIN_PREPAYMENT, BARGAIN_COSTS, BARGAIN_PAYMENT_COSTS, BARGAIN_FINE, BARGAIN_TAX, BARGAIN_HEAD, BARGAIN_CREATED, BARGAIN_VISIBLE, BARGAIN_NOTE)
             VALUES (26, 'Продажа инструмента', -2, 16, 30, 100, NULL, 4, '2013-07-07 00:00:00', '2013-07-14 00:00:00', 560000, NULL, 110000, 0, NULL, 33600, 0, '2013-07-07 15:03:07', 1, NULL);
INSERT INTO BARGAIN (BARGAIN_ID, BARGAIN_NAME, PUSER_ID, ROOT_BARGAIN_ID, STATUS_ID, CUSTOMER_ID, CONTRACT_ID, BARGAIN_VER, BARGAIN_START, BARGAIN_FINISH, BARGAIN_REVENUE, BARGAIN_PREPAYMENT, BARGAIN_COSTS, BARGAIN_PAYMENT_COSTS, BARGAIN_FINE, BARGAIN_TAX, BARGAIN_HEAD, BARGAIN_CREATED, BARGAIN_VISIBLE, BARGAIN_NOTE)
             VALUES (27, 'Продажа инструмента', -2, 16, 40, 100, NULL, 5, '2013-07-07 00:00:00', '2013-07-14 00:00:00', 560000, NULL, 110000, 0, NULL, 33600, 0, '2013-07-07 15:03:12', 1, NULL);
INSERT INTO BARGAIN (BARGAIN_ID, BARGAIN_NAME, PUSER_ID, ROOT_BARGAIN_ID, STATUS_ID, CUSTOMER_ID, CONTRACT_ID, BARGAIN_VER, BARGAIN_START, BARGAIN_FINISH, BARGAIN_REVENUE, BARGAIN_PREPAYMENT, BARGAIN_COSTS, BARGAIN_PAYMENT_COSTS, BARGAIN_FINE, BARGAIN_TAX, BARGAIN_HEAD, BARGAIN_CREATED, BARGAIN_VISIBLE, BARGAIN_NOTE)
             VALUES (28, 'Продажа инструмента', -2, 16, 60, 100, NULL, 6, '2013-07-07 00:00:00', '2013-07-14 00:00:00', 560000, NULL, 110000, 0, NULL, 33600, 0, '2013-07-07 16:10:05', 1, NULL);
INSERT INTO BARGAIN (BARGAIN_ID, BARGAIN_NAME, PUSER_ID, ROOT_BARGAIN_ID, STATUS_ID, CUSTOMER_ID, CONTRACT_ID, BARGAIN_VER, BARGAIN_START, BARGAIN_FINISH, BARGAIN_REVENUE, BARGAIN_PREPAYMENT, BARGAIN_COSTS, BARGAIN_PAYMENT_COSTS, BARGAIN_FINE, BARGAIN_TAX, BARGAIN_HEAD, BARGAIN_CREATED, BARGAIN_VISIBLE, BARGAIN_NOTE)
             VALUES (30, 'Продажа инструмента', -2, 16, 100, 100, NULL, 7, '2013-07-07 00:00:00', '2013-07-14 00:00:00', 560000, NULL, 110000, 0, NULL, 33600, 0, '2013-07-07 16:10:15', 1, NULL);
INSERT INTO BARGAIN (BARGAIN_ID, BARGAIN_NAME, PUSER_ID, ROOT_BARGAIN_ID, STATUS_ID, CUSTOMER_ID, CONTRACT_ID, BARGAIN_VER, BARGAIN_START, BARGAIN_FINISH, BARGAIN_REVENUE, BARGAIN_PREPAYMENT, BARGAIN_COSTS, BARGAIN_PAYMENT_COSTS, BARGAIN_FINE, BARGAIN_TAX, BARGAIN_HEAD, BARGAIN_CREATED, BARGAIN_VISIBLE, BARGAIN_NOTE)
             VALUES (31, 'Продажа инструмента', -2, 16, 50, 100, NULL, 8, '2013-07-07 00:00:00', '2013-07-14 00:00:00', 560000, NULL, 110000, 0, NULL, 33600, 0, '2013-07-07 16:14:06', 1, NULL);
INSERT INTO BARGAIN (BARGAIN_ID, BARGAIN_NAME, PUSER_ID, ROOT_BARGAIN_ID, STATUS_ID, CUSTOMER_ID, CONTRACT_ID, BARGAIN_VER, BARGAIN_START, BARGAIN_FINISH, BARGAIN_REVENUE, BARGAIN_PREPAYMENT, BARGAIN_COSTS, BARGAIN_PAYMENT_COSTS, BARGAIN_FINE, BARGAIN_TAX, BARGAIN_HEAD, BARGAIN_CREATED, BARGAIN_VISIBLE, BARGAIN_NOTE)
             VALUES (32, 'Продажа инструмента', -2, 16, 60, 100, NULL, 9, '2013-07-07 00:00:00', '2013-07-14 00:00:00', 560000, NULL, 110000, 0, NULL, 33600, 0, '2013-07-07 16:17:51', 1, NULL);
INSERT INTO BARGAIN (BARGAIN_ID, BARGAIN_NAME, PUSER_ID, ROOT_BARGAIN_ID, STATUS_ID, CUSTOMER_ID, CONTRACT_ID, BARGAIN_VER, BARGAIN_START, BARGAIN_FINISH, BARGAIN_REVENUE, BARGAIN_PREPAYMENT, BARGAIN_COSTS, BARGAIN_PAYMENT_COSTS, BARGAIN_FINE, BARGAIN_TAX, BARGAIN_HEAD, BARGAIN_CREATED, BARGAIN_VISIBLE, BARGAIN_NOTE)
             VALUES (34, 'Продажа инструмента', -2, 16, 100, 100, NULL, 10, '2013-07-07 00:00:00', '2013-07-14 00:00:00', 560000, NULL, 110000, 0, NULL, 33600, 1, '2013-07-07 16:18:00', 1, NULL);
INSERT INTO BARGAIN (BARGAIN_ID, BARGAIN_NAME, PUSER_ID, ROOT_BARGAIN_ID, STATUS_ID, CUSTOMER_ID, CONTRACT_ID, BARGAIN_VER, BARGAIN_START, BARGAIN_FINISH, BARGAIN_REVENUE, BARGAIN_PREPAYMENT, BARGAIN_COSTS, BARGAIN_PAYMENT_COSTS, BARGAIN_FINE, BARGAIN_TAX, BARGAIN_HEAD, BARGAIN_CREATED, BARGAIN_VISIBLE, BARGAIN_NOTE)
             VALUES (35, 'Продажа инструмента', -1, 9, 60, 300, NULL, 7, '2013-07-13 00:00:00', '2013-07-26 00:00:00', 230000, NULL, NULL, NULL, NULL, 34500, 1, '2013-07-07 16:22:09', 1, NULL);
INSERT INTO BARGAIN (BARGAIN_ID, BARGAIN_NAME, PUSER_ID, ROOT_BARGAIN_ID, STATUS_ID, CUSTOMER_ID, CONTRACT_ID, BARGAIN_VER, BARGAIN_START, BARGAIN_FINISH, BARGAIN_REVENUE, BARGAIN_PREPAYMENT, BARGAIN_COSTS, BARGAIN_PAYMENT_COSTS, BARGAIN_FINE, BARGAIN_TAX, BARGAIN_HEAD, BARGAIN_CREATED, BARGAIN_VISIBLE, BARGAIN_NOTE)
             VALUES (40, 'Ремонт АН 567, 159 Ф', -1, 40, 40, 300, NULL, 0, '2013-07-07 00:00:00', '2013-07-28 00:00:00', 560000, NULL, NULL, NULL, NULL, 84000, 0, '2013-07-07 18:22:11', 1, NULL);
INSERT INTO BARGAIN (BARGAIN_ID, BARGAIN_NAME, PUSER_ID, ROOT_BARGAIN_ID, STATUS_ID, CUSTOMER_ID, CONTRACT_ID, BARGAIN_VER, BARGAIN_START, BARGAIN_FINISH, BARGAIN_REVENUE, BARGAIN_PREPAYMENT, BARGAIN_COSTS, BARGAIN_PAYMENT_COSTS, BARGAIN_FINE, BARGAIN_TAX, BARGAIN_HEAD, BARGAIN_CREATED, BARGAIN_VISIBLE, BARGAIN_NOTE)
             VALUES (41, 'Ремонт АН 567, 159 Ф', -1, 40, 40, 300, NULL, 1, '2013-07-07 00:00:00', '2013-07-28 00:00:00', 7160000, NULL, NULL, NULL, NULL, 1074000, 1, '2013-07-07 18:23:03', 1, NULL);
INSERT INTO BARGAIN (BARGAIN_ID, BARGAIN_NAME, PUSER_ID, ROOT_BARGAIN_ID, STATUS_ID, CUSTOMER_ID, CONTRACT_ID, BARGAIN_VER, BARGAIN_START, BARGAIN_FINISH, BARGAIN_REVENUE, BARGAIN_PREPAYMENT, BARGAIN_COSTS, BARGAIN_PAYMENT_COSTS, BARGAIN_FINE, BARGAIN_TAX, BARGAIN_HEAD, BARGAIN_CREATED, BARGAIN_VISIBLE, BARGAIN_NOTE)
             VALUES (42, 'Продажа инструмента', -1, 42, 1, 301, NULL, 0, '2013-07-07 00:00:00', '2013-07-28 00:00:00', 340000, NULL, NULL, NULL, NULL, NULL, 1, '2013-07-07 18:43:12', 1, NULL);


INSERT INTO BARGAINCOSTS (BARGAINCOSTS_ID, COSTS_ID, BARGAIN_ID, BARGAINCOSTS_VALUE, BARGAINCOSTS_PAYMENT, BARGAINCOSTS_NOTE)
                  VALUES (1000, 3, 19, 10000, 0, '');
INSERT INTO BARGAINCOSTS (BARGAINCOSTS_ID, COSTS_ID, BARGAIN_ID, BARGAINCOSTS_VALUE, BARGAINCOSTS_PAYMENT, BARGAINCOSTS_NOTE)
                  VALUES (1001, 1, 19, 100000, 0, 'основа');
INSERT INTO BARGAINCOSTS (BARGAINCOSTS_ID, COSTS_ID, BARGAIN_ID, BARGAINCOSTS_VALUE, BARGAINCOSTS_PAYMENT, BARGAINCOSTS_NOTE)
                  VALUES (1002, 6, 21, 50000, 0, '');
INSERT INTO BARGAINCOSTS (BARGAINCOSTS_ID, COSTS_ID, BARGAIN_ID, BARGAINCOSTS_VALUE, BARGAINCOSTS_PAYMENT, BARGAINCOSTS_NOTE)
                  VALUES (1003, 3, 21, 10000, 0, '');
INSERT INTO BARGAINCOSTS (BARGAINCOSTS_ID, COSTS_ID, BARGAIN_ID, BARGAINCOSTS_VALUE, BARGAINCOSTS_PAYMENT, BARGAINCOSTS_NOTE)
                  VALUES (1004, 1, 21, 300000, 0, '');
INSERT INTO BARGAINCOSTS (BARGAINCOSTS_ID, COSTS_ID, BARGAIN_ID, BARGAINCOSTS_VALUE, BARGAINCOSTS_PAYMENT, BARGAINCOSTS_NOTE)
                  VALUES (1005, 3, 22, 10000, 0, '');
INSERT INTO BARGAINCOSTS (BARGAINCOSTS_ID, COSTS_ID, BARGAIN_ID, BARGAINCOSTS_VALUE, BARGAINCOSTS_PAYMENT, BARGAINCOSTS_NOTE)
                  VALUES (1006, 6, 22, 50000, 0, '');
INSERT INTO BARGAINCOSTS (BARGAINCOSTS_ID, COSTS_ID, BARGAIN_ID, BARGAINCOSTS_VALUE, BARGAINCOSTS_PAYMENT, BARGAINCOSTS_NOTE)
                  VALUES (1007, 1, 22, 300000, 0, '');
INSERT INTO BARGAINCOSTS (BARGAINCOSTS_ID, COSTS_ID, BARGAIN_ID, BARGAINCOSTS_VALUE, BARGAINCOSTS_PAYMENT, BARGAINCOSTS_NOTE)
                  VALUES (1008, 3, 23, 10000, 0, '');
INSERT INTO BARGAINCOSTS (BARGAINCOSTS_ID, COSTS_ID, BARGAIN_ID, BARGAINCOSTS_VALUE, BARGAINCOSTS_PAYMENT, BARGAINCOSTS_NOTE)
                  VALUES (1009, 1, 23, 300000, 0, '');
INSERT INTO BARGAINCOSTS (BARGAINCOSTS_ID, COSTS_ID, BARGAIN_ID, BARGAINCOSTS_VALUE, BARGAINCOSTS_PAYMENT, BARGAINCOSTS_NOTE)
                  VALUES (1010, 6, 23, 50000, 0, '');
INSERT INTO BARGAINCOSTS (BARGAINCOSTS_ID, COSTS_ID, BARGAIN_ID, BARGAINCOSTS_VALUE, BARGAINCOSTS_PAYMENT, BARGAINCOSTS_NOTE)
                  VALUES (1011, 1, 24, 100000, 0, 'основа');
INSERT INTO BARGAINCOSTS (BARGAINCOSTS_ID, COSTS_ID, BARGAIN_ID, BARGAINCOSTS_VALUE, BARGAINCOSTS_PAYMENT, BARGAINCOSTS_NOTE)
                  VALUES (1012, 3, 24, 10000, 0, '');
INSERT INTO BARGAINCOSTS (BARGAINCOSTS_ID, COSTS_ID, BARGAIN_ID, BARGAINCOSTS_VALUE, BARGAINCOSTS_PAYMENT, BARGAINCOSTS_NOTE)
                  VALUES (1013, 3, 25, 10000, 0, '');
INSERT INTO BARGAINCOSTS (BARGAINCOSTS_ID, COSTS_ID, BARGAIN_ID, BARGAINCOSTS_VALUE, BARGAINCOSTS_PAYMENT, BARGAINCOSTS_NOTE)
                  VALUES (1014, 1, 25, 100000, 0, 'основа');
INSERT INTO BARGAINCOSTS (BARGAINCOSTS_ID, COSTS_ID, BARGAIN_ID, BARGAINCOSTS_VALUE, BARGAINCOSTS_PAYMENT, BARGAINCOSTS_NOTE)
                  VALUES (1015, 3, 26, 10000, 0, '');
INSERT INTO BARGAINCOSTS (BARGAINCOSTS_ID, COSTS_ID, BARGAIN_ID, BARGAINCOSTS_VALUE, BARGAINCOSTS_PAYMENT, BARGAINCOSTS_NOTE)
                  VALUES (1016, 1, 26, 100000, 0, 'основа');
INSERT INTO BARGAINCOSTS (BARGAINCOSTS_ID, COSTS_ID, BARGAIN_ID, BARGAINCOSTS_VALUE, BARGAINCOSTS_PAYMENT, BARGAINCOSTS_NOTE)
                  VALUES (1017, 1, 27, 100000, 0, 'основа');
INSERT INTO BARGAINCOSTS (BARGAINCOSTS_ID, COSTS_ID, BARGAIN_ID, BARGAINCOSTS_VALUE, BARGAINCOSTS_PAYMENT, BARGAINCOSTS_NOTE)
                  VALUES (1018, 3, 27, 10000, 0, '');
INSERT INTO BARGAINCOSTS (BARGAINCOSTS_ID, COSTS_ID, BARGAIN_ID, BARGAINCOSTS_VALUE, BARGAINCOSTS_PAYMENT, BARGAINCOSTS_NOTE)
                  VALUES (1450, 1, 28, 100000, 0, 'основа');
INSERT INTO BARGAINCOSTS (BARGAINCOSTS_ID, COSTS_ID, BARGAIN_ID, BARGAINCOSTS_VALUE, BARGAINCOSTS_PAYMENT, BARGAINCOSTS_NOTE)
                  VALUES (1451, 3, 28, 10000, 0, '');
INSERT INTO BARGAINCOSTS (BARGAINCOSTS_ID, COSTS_ID, BARGAIN_ID, BARGAINCOSTS_VALUE, BARGAINCOSTS_PAYMENT, BARGAINCOSTS_NOTE)
                  VALUES (1452, 3, 30, 10000, 0, '');
INSERT INTO BARGAINCOSTS (BARGAINCOSTS_ID, COSTS_ID, BARGAIN_ID, BARGAINCOSTS_VALUE, BARGAINCOSTS_PAYMENT, BARGAINCOSTS_NOTE)
                  VALUES (1453, 1, 30, 100000, 0, 'основа');
INSERT INTO BARGAINCOSTS (BARGAINCOSTS_ID, COSTS_ID, BARGAIN_ID, BARGAINCOSTS_VALUE, BARGAINCOSTS_PAYMENT, BARGAINCOSTS_NOTE)
                  VALUES (1454, 3, 31, 10000, 0, '');
INSERT INTO BARGAINCOSTS (BARGAINCOSTS_ID, COSTS_ID, BARGAIN_ID, BARGAINCOSTS_VALUE, BARGAINCOSTS_PAYMENT, BARGAINCOSTS_NOTE)
                  VALUES (1455, 1, 31, 100000, 0, 'основа');
INSERT INTO BARGAINCOSTS (BARGAINCOSTS_ID, COSTS_ID, BARGAIN_ID, BARGAINCOSTS_VALUE, BARGAINCOSTS_PAYMENT, BARGAINCOSTS_NOTE)
                  VALUES (1650, 1, 32, 100000, 0, 'основа');
INSERT INTO BARGAINCOSTS (BARGAINCOSTS_ID, COSTS_ID, BARGAIN_ID, BARGAINCOSTS_VALUE, BARGAINCOSTS_PAYMENT, BARGAINCOSTS_NOTE)
                  VALUES (1651, 3, 32, 10000, 0, '');
INSERT INTO BARGAINCOSTS (BARGAINCOSTS_ID, COSTS_ID, BARGAIN_ID, BARGAINCOSTS_VALUE, BARGAINCOSTS_PAYMENT, BARGAINCOSTS_NOTE)
                  VALUES (1652, 3, 34, 10000, 0, '');
INSERT INTO BARGAINCOSTS (BARGAINCOSTS_ID, COSTS_ID, BARGAIN_ID, BARGAINCOSTS_VALUE, BARGAINCOSTS_PAYMENT, BARGAINCOSTS_NOTE)
                  VALUES (1653, 1, 34, 100000, 0, 'основа');

INSERT INTO CALENDAR (BARGAIN_ID, CALENDAR_GOOGLE_ID)
              VALUES (8, NULL);
INSERT INTO TASK (TASK_ID, BARGAIN_ID, TASKTYPE_ID, AFTER_STATUS_ID, TASK_NAME, TASK_DEADLINE, TASK_START, TASK_WARNING_DURATION, TASK_WARNING_UNIT, TASK_PLACE, TASK_EXECUTED, TASK_LASTUPDATE)
          VALUES (1800, 8, 1, NULL, 'Сделать и отослать КП', '2013-07-08 12:00:00', '2013-07-06 00:00:00', NULL, NULL, '', 0, '2013-07-07 18:00:41');

commit;

